id,path,old_target,new_target,action
gid://shopify/UrlRedirect/377146081433,/products/adistar-jellyfish-boxy-t-shirt280gsm,/products/adistar-jellyfish-oversized-t-shirt,/collections/shirts-tops,TIER2_RETARGET_OR_PUBLISH
gid://shopify/UrlRedirect/377146114201,/products/the-tour-oversized-t-shirt235g,/products/goat-club-oversized-t-shirt,/collections/shirts-tops,TIER2_RETARGET_OR_PUBLISH
gid://shopify/UrlRedirect/377146146969,/products/goat-club-drip-drop-shoulder-heavyweight-oversized-hoodie-oversized-graffiti-goat-streetwear-hoodie-heavyweight-460gsm-drop-shoulder-unisex-pullover-drippy-bold-graphic-sweatshirt,/products/oversized-heavyweight-hoodie-goat-club-drip,/collections/hoodies-jackets,TIER2_RETARGET_OR_PUBLISH
gid://shopify/UrlRedirect/377146212505,/products/neverdy-1st-edition-boxy-fit-hoodie400gsm,/products/neverdy-boxy-fit-hoodie,/collections/hoodies-jackets,TIER2_RETARGET_OR_PUBLISH
gid://shopify/UrlRedirect/377146245273,/products/neverdy-ribs-oversized-snow-wash-t-shirt285gsm,/products/neverdy-ribs-oversized-t-shirt,/collections/shirts-tops,TIER2_RETARGET_OR_PUBLISH
gid://shopify/UrlRedirect/377146441881,/products/no-risk-no-story-unisex-heavyweight-40s-combed-cotton-oversized-t-shirt-235gsm,/products/no-risk-no-story-oversized-t-shirt,/collections/shirts-tops,TIER2_RETARGET_OR_PUBLISH
gid://shopify/UrlRedirect/377146507417,/products/sprayed-goat-club-oversized-hoodie,/products/goat-club-spray-painted-oversized-hoodie,/collections/hoodies-jackets,TIER2_RETARGET_OR_PUBLISH
gid://shopify/UrlRedirect/377146605721,/blogs/news/the-upward-path-of-legendary-branding,/blogs/news/legendary-branding-graphic-tees-and-hoodies,/blogs/legendary_blogging,TIER2_ARTICLE_DECISION
gid://shopify/UrlRedirect/377146867865,/products/athletic-department-premium-tank-top,/products/athletic-department-premium-tank-top-soft-washed-cotton-relaxed-fit,/collections/shirts-tops,TIER2_RETARGET_OR_PUBLISH
gid://shopify/UrlRedirect/377146900633,/collections/all-products/products/athletic-department-premium-tank-top,/collections/all-products/products/athletic-department-premium-tank-top-soft-washed-cotton-relaxed-fit,/collections/shirts-tops,TIER2_RETARGET_OR_PUBLISH
gid://shopify/UrlRedirect/377146933401,/collections/shirts-tops/products/athletic-department-premium-tank-top,/collections/shirts-tops/products/athletic-department-premium-tank-top-soft-washed-cotton-relaxed-fit,/collections/shirts-tops,TIER2_RETARGET_OR_PUBLISH
gid://shopify/UrlRedirect/377146966169,/products/simply-goated-trucker-cap,/#seotidpG3gsTvQL,/collections/accessories-more,TIER3_FRAGMENT_RETARGET
gid://shopify/UrlRedirect/377146998937,/collections/all-products/products/the-goat-t-shirt,/#seotidi8zE3Z4tB,/collections/shirts-tops,TIER3_FRAGMENT_RETARGET
gid://shopify/UrlRedirect/377147031705,/products/the-goat-denim-t-shirt,/products/goat-denim-t-shirt-lightweight-cotton-tee-soft-touch-streetwear-fit,/collections/shirts-tops,TIER2_RETARGET_OR_PUBLISH
gid://shopify/UrlRedirect/377147064473,/collections/all-products/products/the-goat-denim-t-shirt,/collections/all-products/products/goat-denim-t-shirt-lightweight-cotton-tee-soft-touch-streetwear-fit,/collections/shirts-tops,TIER2_RETARGET_OR_PUBLISH
gid://shopify/UrlRedirect/377147097241,/collections/shirts-tops/products/the-goat-denim-t-shirt,/collections/shirts-tops/products/goat-denim-t-shirt-lightweight-cotton-tee-soft-touch-streetwear-fit,/collections/shirts-tops,TIER2_RETARGET_OR_PUBLISH
gid://shopify/UrlRedirect/377147261081,/products/legendary-distressed-sweatshirt,/products/legendary-distressed-sweatshirt-washed-ombre-effect-heavyweight-440,/collections/hoodies-jackets,TIER2_RETARGET_OR_PUBLISH
gid://shopify/UrlRedirect/377147293849,/collections/all-products/products/legendary-distressed-sweatshirt,/collections/all-products/products/legendary-distressed-sweatshirt-washed-ombre-effect-heavyweight-440,/collections/hoodies-jackets,TIER2_RETARGET_OR_PUBLISH
gid://shopify/UrlRedirect/377147326617,/collections/shirts-tops/products/legendary-distressed-sweatshirt,/collections/shirts-tops/products/legendary-distressed-sweatshirt-washed-ombre-effect-heavyweight-440,/collections/hoodies-jackets,TIER2_RETARGET_OR_PUBLISH
gid://shopify/UrlRedirect/377147359385,/collections/hoodies-jackets/products/legendary-distressed-sweatshirt,/collections/hoodies-jackets/products/legendary-distressed-sweatshirt-washed-ombre-effect-heavyweight-440,/collections/hoodies-jackets,TIER2_RETARGET_OR_PUBLISH
gid://shopify/UrlRedirect/377147621529,/products/285gsm-unisex-washed-oversized-short-sleeve-t-shirt,/products/mentality-matters2-unisex-boxy-t-shirt,/collections/shirts-tops,TIER2_RETARGET_OR_PUBLISH
gid://shopify/UrlRedirect/377147654297,/collections/all-products/products/285gsm-unisex-washed-oversized-short-sleeve-t-shirt,/collections/all-products/products/mentality-matters2-unisex-boxy-t-shirt,/collections/shirts-tops,TIER2_RETARGET_OR_PUBLISH
gid://shopify/UrlRedirect/377147687065,/collections/shirts-tops/products/285gsm-unisex-washed-oversized-short-sleeve-t-shirt,/collections/shirts-tops/products/mentality-matters2-unisex-boxy-t-shirt,/collections/shirts-tops,TIER2_RETARGET_OR_PUBLISH
gid://shopify/UrlRedirect/377147818137,/collections/all-products/products/legendary-birds-oversized-t-shirt,/collections/all-products/products/neverdy-ribs-oversized-t-shirt,/collections/shirts-tops,TIER2_RETARGET_OR_PUBLISH
gid://shopify/UrlRedirect/377147850905,/collections/shirts-tops/products/legendary-birds-oversized-t-shirt,/collections/shirts-tops/products/neverdy-ribs-oversized-t-shirt,/collections/shirts-tops,TIER2_RETARGET_OR_PUBLISH
gid://shopify/UrlRedirect/377147916441,/collections/shirts-tops/products/legend-loading-oversized-t-shirt,/collections/shirts-tops/products/la-playa-oversized-t-shirt,/collections/shirts-tops,TIER2_RETARGET_OR_PUBLISH
gid://shopify/UrlRedirect/377147949209,/collections/accessories-more/products/simply-goated-athletic-long-shorts,/collections/accessories-more/products/simply-goated-athletic-long-shor,/collections/accessories-more,TIER2_RETARGET_OR_PUBLISH
gid://shopify/UrlRedirect/377147981977,/collections/shirts-tops/products/cold-oversized-high-neck-t-shirt,/collections/shirts-tops/products/cold-oversized-high-neck-t-shi,/collections/shirts-tops,TIER2_RETARGET_OR_PUBLISH
gid://shopify/UrlRedirect/377148080281,/products/unisex-boxy-t-shirt,/products/mountain-trek-unisex-boxy-t-shirt,/collections/shirts-tops,TIER2_RETARGET_OR_PUBLISH
gid://shopify/UrlRedirect/377148113049,/collections/all-products/products/unisex-boxy-t-shirt,/collections/all-products/products/mountain-trek-unisex-boxy-t-shirt,/collections/shirts-tops,TIER2_RETARGET_OR_PUBLISH
gid://shopify/UrlRedirect/377148145817,/collections/shirts-tops/products/unisex-boxy-t-shirt,/collections/shirts-tops/products/mountain-trek-unisex-boxy-t-shirt,/collections/shirts-tops,TIER2_RETARGET_OR_PUBLISH
gid://shopify/UrlRedirect/377148178585,/products/unisex-boxy-t-shirt-1,/products/mentality-matters2-unisex-boxy-t-shirt,/collections/shirts-tops,TIER2_RETARGET_OR_PUBLISH
gid://shopify/UrlRedirect/377148211353,/collections/all-products/products/unisex-boxy-t-shirt-1,/collections/all-products/products/mentality-matters2-unisex-boxy-t-shirt,/collections/shirts-tops,TIER2_RETARGET_OR_PUBLISH
gid://shopify/UrlRedirect/377148244121,/collections/shirts-tops/products/unisex-boxy-t-shirt-1,/collections/shirts-tops/products/mentality-matters2-unisex-boxy-t-shirt,/collections/shirts-tops,TIER2_RETARGET_OR_PUBLISH
gid://shopify/UrlRedirect/377148276889,/products/440gsm-unisex-heavyweight-washed-boxy-hoodie,/products/mentality-matters2-heavyweight-washed-boxy-hoodie,/collections/hoodies-jackets,TIER2_RETARGET_OR_PUBLISH
gid://shopify/UrlRedirect/377148309657,/collections/all-products/products/440gsm-unisex-heavyweight-washed-boxy-hoodie,/collections/all-products/products/mentality-matters2-heavyweight-washed-boxy-hoodie,/collections/hoodies-jackets,TIER2_RETARGET_OR_PUBLISH
gid://shopify/UrlRedirect/377148342425,/collections/hoodies-jackets/products/440gsm-unisex-heavyweight-washed-boxy-hoodie,/collections/hoodies-jackets/products/mentality-matters2-heavyweight-washed-boxy-hoodie,/collections/hoodies-jackets,TIER2_RETARGET_OR_PUBLISH
gid://shopify/UrlRedirect/377148407961,/products/unisex-loose-t-shirt230gsm,/products/goat-club-oversized-t-shirt,/collections/shirts-tops,TIER2_RETARGET_OR_PUBLISH
gid://shopify/UrlRedirect/377148440729,/collections/all-products/products/unisex-loose-t-shirt230gsm,/collections/all-products/products/goat-club-oversized-t-shirt,/collections/shirts-tops,TIER2_RETARGET_OR_PUBLISH
gid://shopify/UrlRedirect/377148833945,/products/members-only-oversized-t-shirt-1,/products/la-playa-oversized-t-shirt,/collections/shirts-tops,TIER2_RETARGET_OR_PUBLISH
gid://shopify/UrlRedirect/377148866713,/collections/all-products/products/members-only-oversized-t-shirt-1,/collections/all-products/products/la-playa-oversized-t-shirt,/collections/shirts-tops,TIER2_RETARGET_OR_PUBLISH
gid://shopify/UrlRedirect/377148899481,/collections/shirts-tops/products/members-only-oversized-t-shirt-1,/collections/shirts-tops/products/la-playa-oversized-t-shirt,/collections/shirts-tops,TIER2_RETARGET_OR_PUBLISH
gid://shopify/UrlRedirect/377150013593,/products/legendary-madmen-oversized-high-neck-tee,/products/cold-oversized-high-neck-t-shi,/collections/shirts-tops,TIER2_RETARGET_OR_PUBLISH
gid://shopify/UrlRedirect/377150046361,/collections/all-products/products/legendary-madmen-oversized-high-neck-tee,/collections/all-products/products/cold-oversized-high-neck-t-shi,/collections/shirts-tops,TIER2_RETARGET_OR_PUBLISH
gid://shopify/UrlRedirect/377150079129,/collections/shirts-tops/products/legendary-madmen-oversized-high-neck-tee,/collections/shirts-tops/products/cold-oversized-high-neck-t-shi,/collections/shirts-tops,TIER2_RETARGET_OR_PUBLISH
gid://shopify/UrlRedirect/377150242969,/products/legendary-ghosted-oversized-heavyweight-t-shirt,/products/cold-oversized-high-neck-t-shi,/collections/shirts-tops,TIER2_RETARGET_OR_PUBLISH
gid://shopify/UrlRedirect/377150275737,/collections/all-products/products/legendary-ghosted-oversized-heavyweight-t-shirt,/collections/all-products/products/cold-oversized-high-neck-t-shi,/collections/shirts-tops,TIER2_RETARGET_OR_PUBLISH
gid://shopify/UrlRedirect/377150308505,/collections/shirts-tops/products/legendary-ghosted-oversized-heavyweight-t-shirt,/collections/shirts-tops/products/cold-oversized-high-neck-t-shi,/collections/shirts-tops,TIER2_RETARGET_OR_PUBLISH
gid://shopify/UrlRedirect/377150341273,/products/unisex-organic-oversized-high-neck-t-shirt,/products/cold-oversized-high-neck-t-shi,/collections/shirts-tops,TIER2_RETARGET_OR_PUBLISH
gid://shopify/UrlRedirect/377150374041,/collections/all-products/products/unisex-organic-oversized-high-neck-t-shirt,/collections/all-products/products/cold-oversized-high-neck-t-shi,/collections/shirts-tops,TIER2_RETARGET_OR_PUBLISH
gid://shopify/UrlRedirect/377150406809,/collections/shirts-tops/products/unisex-organic-oversized-high-neck-t-shirt,/collections/shirts-tops/products/cold-oversized-high-neck-t-shi,/collections/shirts-tops,TIER2_RETARGET_OR_PUBLISH
gid://shopify/UrlRedirect/377153814681,/products/witches-be-trippin-t-shirt,/#seotidi3Guw7fs9,/collections/shirts-tops,TIER3_FRAGMENT_RETARGET
gid://shopify/UrlRedirect/377154404505,/products/unisex-hoodie,/#seotidMEdk5T7dm,/collections/hoodies-jackets,TIER3_FRAGMENT_RETARGET
gid://shopify/UrlRedirect/377154470041,/products/flamefacetee,/#seotidZnGVrYwZk,/collections/shirts-tops,TIER3_FRAGMENT_RETARGET
gid://shopify/UrlRedirect/377154568345,/products/athletic-department-oversized-hoodie,/products/goat-club-spray-painted-oversized-hoodie,/collections/hoodies-jackets,TIER2_RETARGET_OR_PUBLISH
gid://shopify/UrlRedirect/377154601113,/collections/recommended-products-seguno/products/athletic-department-oversized-hoodie,/collections/recommended-products-seguno/products/goat-club-spray-painted-oversized-hoodie,/collections/hoodies-jackets,TIER2_RETARGET_OR_PUBLISH
gid://shopify/UrlRedirect/377154633881,/collections/all-products/products/athletic-department-oversized-hoodie,/collections/all-products/products/goat-club-spray-painted-oversized-hoodie,/collections/hoodies-jackets,TIER2_RETARGET_OR_PUBLISH
gid://shopify/UrlRedirect/377154666649,/collections/legendary-womens-apparel/products/athletic-department-oversized-hoodie,/collections/legendary-womens-apparel/products/goat-club-spray-painted-oversized-hoodie,/collections/hoodies-jackets,TIER2_RETARGET_OR_PUBLISH
gid://shopify/UrlRedirect/377154699417,/collections/hoodies-jackets/products/athletic-department-oversized-hoodie,/collections/hoodies-jackets/products/goat-club-spray-painted-oversized-hoodie,/collections/hoodies-jackets,TIER2_RETARGET_OR_PUBLISH
gid://shopify/UrlRedirect/377154732185,/products/legendary-ghosted-t-shirt,/products/ghosted-tee,/collections/shirts-tops,TIER2_RETARGET_OR_PUBLISH
gid://shopify/UrlRedirect/377154764953,/collections/recommended-products-seguno/products/legendary-ghosted-t-shirt,/collections/recommended-products-seguno/products/ghosted-tee,/collections/shirts-tops,TIER2_RETARGET_OR_PUBLISH
gid://shopify/UrlRedirect/377154797721,/collections/all-products/products/legendary-ghosted-t-shirt,/collections/all-products/products/ghosted-tee,/collections/shirts-tops,TIER2_RETARGET_OR_PUBLISH
gid://shopify/UrlRedirect/377154830489,/collections/shirts-tops/products/legendary-ghosted-t-shirt,/collections/shirts-tops/products/ghosted-tee,/collections/shirts-tops,TIER2_RETARGET_OR_PUBLISH
gid://shopify/UrlRedirect/377154863257,/collections/legendary-womens-apparel/products/legendary-ghosted-t-shirt,/collections/legendary-womens-apparel/products/ghosted-tee,/collections/shirts-tops,TIER2_RETARGET_OR_PUBLISH
gid://shopify/UrlRedirect/377154896025,/products/legendary-butterfly-t-shirt,/products/butterfly-tee,/collections/shirts-tops,TIER2_RETARGET_OR_PUBLISH
gid://shopify/UrlRedirect/377154928793,/collections/recommended-products-seguno/products/legendary-butterfly-t-shirt,/collections/recommended-products-seguno/products/butterfly-tee,/collections/shirts-tops,TIER2_RETARGET_OR_PUBLISH
gid://shopify/UrlRedirect/377154961561,/collections/all-products/products/legendary-butterfly-t-shirt,/collections/all-products/products/butterfly-tee,/collections/shirts-tops,TIER2_RETARGET_OR_PUBLISH
gid://shopify/UrlRedirect/377154994329,/collections/shirts-tops/products/legendary-butterfly-t-shirt,/collections/shirts-tops/products/butterfly-tee,/collections/shirts-tops,TIER2_RETARGET_OR_PUBLISH
gid://shopify/UrlRedirect/377155027097,/collections/legendary-womens-apparel/products/legendary-butterfly-t-shirt,/collections/legendary-womens-apparel/products/butterfly-tee,/collections/shirts-tops,TIER2_RETARGET_OR_PUBLISH
gid://shopify/UrlRedirect/377155518617,/products/legendary-athletic-shorts-2,/products/athletic-shorts-black,/collections/accessories-more,TIER2_RETARGET_OR_PUBLISH
gid://shopify/UrlRedirect/377155551385,/collections/recommended-products-seguno/products/legendary-athletic-shorts-2,/collections/recommended-products-seguno/products/athletic-shorts-black,/collections/accessories-more,TIER2_RETARGET_OR_PUBLISH
gid://shopify/UrlRedirect/377155584153,/collections/all-products/products/legendary-athletic-shorts-2,/collections/all-products/products/athletic-shorts-black,/collections/accessories-more,TIER2_RETARGET_OR_PUBLISH
gid://shopify/UrlRedirect/377155616921,/collections/legendary-womens-apparel/products/legendary-athletic-shorts-2,/collections/legendary-womens-apparel/products/athletic-shorts-black,/collections/accessories-more,TIER2_RETARGET_OR_PUBLISH
gid://shopify/UrlRedirect/377155649689,/products/legendary-athletic-shorts-1,/products/athletic-shorts-white,/collections/accessories-more,TIER2_RETARGET_OR_PUBLISH
gid://shopify/UrlRedirect/377155682457,/collections/recommended-products-seguno/products/legendary-athletic-shorts-1,/collections/recommended-products-seguno/products/athletic-shorts-white,/collections/accessories-more,TIER2_RETARGET_OR_PUBLISH
gid://shopify/UrlRedirect/377155715225,/collections/all-products/products/legendary-athletic-shorts-1,/collections/all-products/products/athletic-shorts-white,/collections/accessories-more,TIER2_RETARGET_OR_PUBLISH
gid://shopify/UrlRedirect/377155747993,/collections/legendary-womens-apparel/products/legendary-athletic-shorts-1,/collections/legendary-womens-apparel/products/athletic-shorts-white,/collections/accessories-more,TIER2_RETARGET_OR_PUBLISH
gid://shopify/UrlRedirect/377156141209,/products/legendary-athletic-shorts,/products/drip-athletic-shorts,/collections/accessories-more,TIER2_RETARGET_OR_PUBLISH
gid://shopify/UrlRedirect/377156173977,/collections/recommended-products-seguno/products/legendary-athletic-shorts,/collections/recommended-products-seguno/products/drip-athletic-shorts,/collections/accessories-more,TIER2_RETARGET_OR_PUBLISH
gid://shopify/UrlRedirect/377156206745,/collections/all-products/products/legendary-athletic-shorts,/collections/all-products/products/drip-athletic-shorts,/collections/accessories-more,TIER2_RETARGET_OR_PUBLISH
gid://shopify/UrlRedirect/377156239513,/collections/legendary-womens-apparel/products/legendary-athletic-shorts,/collections/legendary-womens-apparel/products/drip-athletic-shorts,/collections/accessories-more,TIER2_RETARGET_OR_PUBLISH
gid://shopify/UrlRedirect/377156468889,/products/oversized-tie-dye-t-shirt,/products/legendary-fx-oversized-cropped-t-shirt280gsm,/products/goat-sh-t-only-oversized-cropped-t-shirt280gsm,TIER2_RETARGET_OR_PUBLISH
gid://shopify/UrlRedirect/377156501657,/collections/recommended-products-seguno/products/oversized-tie-dye-t-shirt,/collections/recommended-products-seguno/products/legendary-fx-oversized-cropped-t-shirt280gsm,/products/goat-sh-t-only-oversized-cropped-t-shirt280gsm,TIER2_RETARGET_OR_PUBLISH
gid://shopify/UrlRedirect/377156534425,/collections/all-products/products/oversized-tie-dye-t-shirt,/collections/all-products/products/legendary-fx-oversized-cropped-t-shirt280gsm,/products/goat-sh-t-only-oversized-cropped-t-shirt280gsm,TIER2_RETARGET_OR_PUBLISH
gid://shopify/UrlRedirect/377156567193,/collections/shirts-tops/products/oversized-tie-dye-t-shirt,/collections/shirts-tops/products/legendary-fx-oversized-cropped-t-shirt280gsm,/products/goat-sh-t-only-oversized-cropped-t-shirt280gsm,TIER2_RETARGET_OR_PUBLISH
gid://shopify/UrlRedirect/377156599961,/collections/legendary-womens-apparel/products/oversized-tie-dye-t-shirt,/collections/legendary-womens-apparel/products/legendary-fx-oversized-cropped-t-shirt280gsm,/products/goat-sh-t-only-oversized-cropped-t-shirt280gsm,TIER2_RETARGET_OR_PUBLISH
gid://shopify/UrlRedirect/377157288089,/pages/new-page-9509,/pages/homepage,/,TIER2_RETARGET_OR_PUBLISH
gid://shopify/UrlRedirect/377157419161,/blogs/news/the-comfort-you-crave-the-style-you-deserve,/blogs/news/the-comfort-you-crave-style-deserve,/blogs/legendary_blogging,TIER2_ARTICLE_DECISION
gid://shopify/UrlRedirect/377157451929,/blogs/news/value-legendary-clothing,/blogs/news/the-value-of-legendary-clothing,/blogs/legendary_blogging,TIER2_ARTICLE_DECISION
gid://shopify/UrlRedirect/377157583001,/collections/everything/products/oversized-tie-dye-t-shirt,/collections/all-products/products/legendary-fx-oversized-cropped-t-shirt280gsm,/products/goat-sh-t-only-oversized-cropped-t-shirt280gsm,TIER2_RETARGET_OR_PUBLISH
gid://shopify/UrlRedirect/377157648537,/collections/everything/products/legendary-athletic-shorts,/collections/all-products/products/drip-athletic-shorts,/collections/accessories-more,TIER2_RETARGET_OR_PUBLISH
gid://shopify/UrlRedirect/377157746841,/collections/everything/products/legendary-athletic-shorts-1,/collections/all-products/products/athletic-shorts-white,/collections/accessories-more,TIER2_RETARGET_OR_PUBLISH
gid://shopify/UrlRedirect/377157779609,/collections/everything/products/legendary-athletic-shorts-2,/collections/all-products/products/athletic-shorts-black,/collections/accessories-more,TIER2_RETARGET_OR_PUBLISH
gid://shopify/UrlRedirect/377157910681,/collections/everything/products/legendary-embroidered-oversized-tie-dye-t-shirt,/collections/all-products/products/legendary-fx-oversized-cropped-t-shirt280gsm,/products/goat-sh-t-only-oversized-cropped-t-shirt280gsm,TIER2_RETARGET_OR_PUBLISH
gid://shopify/UrlRedirect/377157976217,/collections/everything/products/legendary-butterfly-t-shirt,/collections/all-products/products/butterfly-tee,/collections/shirts-tops,TIER2_RETARGET_OR_PUBLISH
gid://shopify/UrlRedirect/377158008985,/collections/everything/products/legendary-ghosted-t-shirt,/collections/all-products/products/ghosted-tee,/collections/shirts-tops,TIER2_RETARGET_OR_PUBLISH
gid://shopify/UrlRedirect/377158074521,/collections/everything/products/athletic-department-oversized-hoodie,/collections/all-products/products/goat-club-spray-painted-oversized-hoodie,/collections/hoodies-jackets,TIER2_RETARGET_OR_PUBLISH
gid://shopify/UrlRedirect/377158500505,/collections/everything/products/athletic-department-premium-tank-top,/collections/all-products/products/athletic-department-premium-tank-top-soft-washed-cotton-relaxed-fit,/collections/shirts-tops,TIER2_RETARGET_OR_PUBLISH
gid://shopify/UrlRedirect/377158598809,/collections/unisex-tees/products/oversized-tie-dye-t-shirt,/collections/shirts-tops/products/legendary-fx-oversized-cropped-t-shirt280gsm,/products/goat-sh-t-only-oversized-cropped-t-shirt280gsm,TIER2_RETARGET_OR_PUBLISH
gid://shopify/UrlRedirect/377158697113,/collections/unisex-tees/products/legendary-embroidered-oversized-tie-dye-t-shirt,/collections/shirts-tops/products/legendary-fx-oversized-cropped-t-shirt280gsm,/products/goat-sh-t-only-oversized-cropped-t-shirt280gsm,TIER2_RETARGET_OR_PUBLISH
gid://shopify/UrlRedirect/377158729881,/collections/unisex-tees/products/legendary-butterfly-t-shirt,/collections/shirts-tops/products/butterfly-tee,/collections/shirts-tops,TIER2_RETARGET_OR_PUBLISH
gid://shopify/UrlRedirect/377158762649,/collections/unisex-tees/products/legendary-ghosted-t-shirt,/collections/shirts-tops/products/ghosted-tee,/collections/shirts-tops,TIER2_RETARGET_OR_PUBLISH
gid://shopify/UrlRedirect/377159090329,/collections/unisex-tees/products/athletic-department-premium-tank-top,/collections/shirts-tops/products/athletic-department-premium-tank-top-soft-washed-cotton-relaxed-fit,/collections/shirts-tops,TIER2_RETARGET_OR_PUBLISH
gid://shopify/UrlRedirect/377159352473,/collections/unisex-apparel/products/athletic-department-oversized-hoodie,/collections/hoodies-jackets/products/goat-club-spray-painted-oversized-hoodie,/collections/hoodies-jackets,TIER2_RETARGET_OR_PUBLISH
gid://shopify/UrlRedirect/377159418009,/collections/womens-apparel,/collections/legendary-womens-apparel,/collections/all-products,TIER2_RETARGET_OR_PUBLISH
gid://shopify/UrlRedirect/377159516313,/collections/womens-apparel/products/oversized-tie-dye-t-shirt,/collections/legendary-womens-apparel/products/legendary-fx-oversized-cropped-t-shirt280gsm,/products/goat-sh-t-only-oversized-cropped-t-shirt280gsm,TIER2_RETARGET_OR_PUBLISH
gid://shopify/UrlRedirect/377159581849,/collections/womens-apparel/products/legendary-athletic-shorts,/collections/legendary-womens-apparel/products/drip-athletic-shorts,/collections/accessories-more,TIER2_RETARGET_OR_PUBLISH
gid://shopify/UrlRedirect/377159680153,/collections/womens-apparel/products/legendary-athletic-shorts-1,/collections/legendary-womens-apparel/products/athletic-shorts-white,/collections/accessories-more,TIER2_RETARGET_OR_PUBLISH
gid://shopify/UrlRedirect/377159712921,/collections/womens-apparel/products/legendary-athletic-shorts-2,/collections/legendary-womens-apparel/products/athletic-shorts-black,/collections/accessories-more,TIER2_RETARGET_OR_PUBLISH
gid://shopify/UrlRedirect/377159811225,/collections/womens-apparel/products/legendary-embroidered-oversized-tie-dye-t-shirt,/collections/legendary-womens-apparel/products/legendary-fx-oversized-cropped-t-shirt280gsm,/products/goat-sh-t-only-oversized-cropped-t-shirt280gsm,TIER2_RETARGET_OR_PUBLISH
gid://shopify/UrlRedirect/377159876761,/collections/womens-apparel/products/legendary-butterfly-t-shirt,/collections/legendary-womens-apparel/products/butterfly-tee,/collections/shirts-tops,TIER2_RETARGET_OR_PUBLISH
gid://shopify/UrlRedirect/377159909529,/collections/womens-apparel/products/legendary-ghosted-t-shirt,/collections/legendary-womens-apparel/products/ghosted-tee,/collections/shirts-tops,TIER2_RETARGET_OR_PUBLISH
gid://shopify/UrlRedirect/377159975065,/collections/womens-apparel/products/athletic-department-oversized-hoodie,/collections/legendary-womens-apparel/products/goat-club-spray-painted-oversized-hoodie,/collections/hoodies-jackets,TIER2_RETARGET_OR_PUBLISH
gid://shopify/UrlRedirect/377160335513,/collections/womens-apparel/products/athletic-department-premium-tank-top,/collections/legendary-womens-apparel/products/athletic-department-premium-tank-top-soft-washed-cotton-relaxed-fit,/collections/shirts-tops,TIER2_RETARGET_OR_PUBLISH
gid://shopify/UrlRedirect/377160368281,/collections/champion-collection,/collections/legendary-x-champion-r-collection,/collections/hoodies-jackets,TIER2_RETARGET_OR_PUBLISH
gid://shopify/UrlRedirect/377160859801,/products/masked-up-oversized-hoodie,/products/goat-club-spray-painted-oversized-hoodie,/collections/hoodies-jackets,TIER2_RETARGET_OR_PUBLISH
gid://shopify/UrlRedirect/377160925337,/products/90s-t-shirt,/#seotidZnGVrYwZk,/collections/shirts-tops,TIER3_FRAGMENT_RETARGET
gid://shopify/UrlRedirect/377168461977,/collections/t-shirts,/#seotidtqLIhXsVI,/collections/shirts-tops,TIER3_FRAGMENT_RETARGET
gid://shopify/UrlRedirect/377168494745,/products/the-legendary-t-shirt,/#seotidRnV5MH8Cw,/collections/shirts-tops,TIER3_FRAGMENT_RETARGET
gid://shopify/UrlRedirect/377362088089,/products/casual-pants-striped-flared-sweatpants-new-mens-slim-fit-pants,/products/striped-flared-sweatpants-mens-slim-fit-sweatpants,/collections/accessories-more,TIER2_RETARGET_OR_PUBLISH
gid://shopify/UrlRedirect/377362153625,/products/men-s-solid-color-oversized-hoodie-jogger-set,/products/mens-solid-color-oversized-hoodie-jogger-set,/collections/accessories-more,TIER2_RETARGET_OR_PUBLISH
gid://shopify/UrlRedirect/377480675481,/collections/mens-collection,/collections/sets,/collections/all-products,TIER2_RETARGET_OR_PUBLISH
gid://shopify/UrlRedirect/377594183833,/products/mens-solid-color-oversized-hoodie-jogger-set,/products/solid-color-oversized-hoodie-jogger-set,/collections/accessories-more,TIER2_RETARGET_OR_PUBLISH
gid://shopify/UrlRedirect/377594642585,/products/butterfly-tee,/products/the-savage-butterfly-tshirt,/collections/shirts-tops,TIER2_RETARGET_OR_PUBLISH
gid://shopify/UrlRedirect/381196632217,/collections/featured-product,/collections/featured-products,/collections/all-products,TIER2_RETARGET_OR_PUBLISH
gid://shopify/UrlRedirect/381204201625,/products/legendary-x20-w-king-200w-portable-bluetooth-speaker,/products/legendary-d20-w-king-200w-portable-bluetooth-speaker,/collections/all-products,TIER2_RETARGET_OR_PUBLISH
gid://shopify/UrlRedirect/381232939161,/collections/featured-products,/collections/legendary-select,/collections/all-products,TIER2_RETARGET_OR_PUBLISH
