id,path,old_target
gid://shopify/UrlRedirect/377146671257,/pages/html-sitemap-articles,/
gid://shopify/UrlRedirect/377146704025,/pages/html-sitemap-products,/
gid://shopify/UrlRedirect/377157058713,/pages/autoketing-sitemap-additional-links,/pages/html-sitemap-additional-links
gid://shopify/UrlRedirect/377157091481,/pages/autoketing-sitemap-articles,/
gid://shopify/UrlRedirect/377157124249,/pages/autoketing-sitemap-blogs,/pages/html-sitemap-blogs
gid://shopify/UrlRedirect/377157157017,/pages/autoketing-sitemap-pages,/pages/html-sitemap-pages
gid://shopify/UrlRedirect/377157189785,/pages/autoketing-sitemap-products,/
gid://shopify/UrlRedirect/377157222553,/pages/autoketing-sitemap-collections,/pages/html-sitemap-collections
gid://shopify/UrlRedirect/377157255321,/pages/autoketing-sitemap,/pages/html-sitemap
